{"1": {
 "calculator": "espresso",
 "calculator_parameters": {},
 "cell": {"array": {"__ndarray__": [[3, 3], "float64", [7.14, 0.0, 0.0, 0.0, 7.14, 0.0, 0.0, 0.0, 7.14]]}, "__ase_objtype__": "cell"},
 "ctime": 26.3177249707486,
 "energy": -10733.61850317222,
 "forces": {"__ndarray__": [[63, 3], "float64", [-0.0009050283127726349, -0.0009050283127726349, -0.0009050283127726349, -0.016755107971151793, -0.016755107971151793, -0.016755107971151793, -0.019987755975836546, -0.01593852560712739, -0.01593852560712739, -0.011827588762547372, -0.011675379455399246, -0.011675379455399246, -0.01593852560712739, -0.019987755975836546, -0.01593852560712739, -0.011675379455399246, -0.011827588762547372, -0.011675379455399246, -0.01593852560712739, -0.01593852560712739, -0.019987755975836546, -0.011675379455399246, -0.011675379455399246, -0.011827588762547372, 0.004030204205315639, 0.004030204205315639, -0.0024926845148666747, 0.006374536067776118, 0.006374536067776118, -0.0038288868277869545, 0.009962767639666713, -0.0033295785938652336, 0.004118907264380003, 0.0028266708155177123, 0.0037995762517482948, -0.010983238484381083, -0.0033295785938652336, 0.009962767639666713, 0.004118907264380003, 0.0037995762517482948, 0.0028266708155177123, -0.010983238484381083, 0.0011050601387206775, 0.0011050601387206775, -0.016874921378467713, 0.004511000496476103, 0.004511000496476103, -0.021240911656647286, 0.004030204205315639, -0.0024926845148666747, 0.004030204205315639, 0.006374536067776118, -0.0038288868277869545, 0.006374536067776118, 0.009962767639666713, 0.004118907264380003, -0.0033295785938652336, 0.0028266708155177123, -0.010983238484381083, 0.0037995762517482948, 0.0011050601387206775, -0.016874921378467713, 0.0011050601387206775, 0.004511000496476103, -0.021240911656647286, 0.004511000496476103, -0.0033295785938652336, 0.004118907264380003, 0.009962767639666713, 0.0037995762517482948, -0.010983238484381083, 0.0028266708155177123, -0.000725822422431008, -0.0064616964649437105, -0.0064616964649437105, -0.0020517403227061437, 0.007964506262715314, 0.007964506262715314, 0.006717264119175528, 0.014181176596388479, 0.014181176596388479, 0.0025962999722664963, 0.01143266731697386, 0.01143266731697386, 0.011879267936089219, 0.0010718929079400895, -0.019887482952546394, 0.001961494601745009, 0.0043353941505602745, -0.00014192489450298138, 0.011879267936089219, -0.019887482952546394, 0.0010718929079400895, 0.001961494601745009, -0.00014192489450298138, 0.0043353941505602745, -0.0024926845148666747, 0.004030204205315639, 0.004030204205315639, -0.0038288868277869545, 0.006374536067776118, 0.006374536067776118, -0.016874921378467713, 0.0011050601387206775, 0.0011050601387206775, -0.021240911656647286, 0.004511000496476103, 0.004511000496476103, 0.004118907264380003, 0.009962767639666713, -0.0033295785938652336, -0.010983238484381083, 0.0028266708155177123, 0.0037995762517482948, 0.004118907264380003, -0.0033295785938652336, 0.009962767639666713, -0.010983238484381083, 0.0037995762517482948, 0.0028266708155177123, -0.0064616964649437105, -0.000725822422431008, -0.0064616964649437105, 0.007964506262715314, -0.0020517403227061437, 0.007964506262715314, 0.0010718929079400895, 0.011879267936089219, -0.019887482952546394, 0.0043353941505602745, 0.001961494601745009, -0.00014192489450298138, 0.014181176596388479, 0.006717264119175528, 0.014181176596388479, 0.01143266731697386, 0.0025962999722664963, 0.01143266731697386, -0.019887482952546394, 0.011879267936089219, 0.0010718929079400895, -0.00014192489450298138, 0.001961494601745009, 0.0043353941505602745, -0.0064616964649437105, -0.0064616964649437105, -0.000725822422431008, 0.007964506262715314, 0.007964506262715314, -0.0020517403227061437, 0.0010718929079400895, -0.019887482952546394, 0.011879267936089219, 0.0043353941505602745, -0.00014192489450298138, 0.001961494601745009, -0.019887482952546394, 0.0010718929079400895, 0.011879267936089219, -0.00014192489450298138, 0.0043353941505602745, 0.001961494601745009, 0.014181176596388479, 0.014181176596388479, 0.006717264119175528, 0.01143266731697386, 0.01143266731697386, 0.0025962999722664963, 0.003713444295845218, 0.003713444295845218, 0.003713444295845218, 0.009426178409906347, 0.0031305752091817054, 0.0031305752091817054, 0.012920307606093877, 0.006390476907376091, 0.006390476907376091, 0.0031305752091817054, 0.009426178409906347, 0.0031305752091817054, 0.006390476907376091, 0.012920307606093877, 0.006390476907376091, 0.0031305752091817054, 0.0031305752091817054, 0.009426178409906347, 0.006390476907376091, 0.006390476907376091, 0.012920307606093877]]},
 "free_energy": -10733.61850317222,
 "initial_magmoms": {"__ndarray__": [[63], "float64", [0.0, 0.0, 0.0, 0.0, 0.0, 0.0, 0.0, 0.0, 0.0, 0.0, 0.0, 0.0, 0.0, 0.0, 0.0, 0.0, 0.0, 0.0, 0.0, 0.0, 0.0, 0.0, 0.0, 0.0, 0.0, 0.0, 0.0, 0.0, 0.0, 0.0, 0.0, 0.0, 0.0, 0.0, 0.0, 0.0, 0.0, 0.0, 0.0, 0.0, 0.0, 0.0, 0.0, 0.0, 0.0, 0.0, 0.0, 0.0, 0.0, 0.0, 0.0, 0.0, 0.0, 0.0, 0.0, 0.0, 2.0, 0.0, 0.0, 0.0, 0.0, 0.0, 0.0]]},
 "magmoms": {"__ndarray__": [[63], "float64", [-0.0001, 0.0035, -0.0015, 0.0076, -0.0015, 0.0076, -0.0015, 0.0076, 0.0076, 0.0169, -0.0014, 0.0191, -0.0014, 0.0191, -0.0076, 0.2478, 0.0076, 0.0169, -0.0014, 0.0191, -0.0076, 0.2478, -0.0014, 0.0191, -0.0013, 0.0063, -0.001, 0.0029, -0.003, 0.0052, -0.003, 0.0052, 0.0076, 0.0169, -0.0076, 0.2478, -0.0014, 0.0191, -0.0014, 0.0191, -0.0013, 0.0063, -0.003, 0.0052, -0.001, 0.0029, -0.003, 0.0052, -0.0013, 0.0063, -0.003, 0.0052, -0.003, 0.0052, -0.001, 0.0029, 0.0027, 0.0011, 0.0017, 0.0011, 0.0017, 0.0011, 0.0017]]},
 "mtime": 26.3177249707486,
 "numbers": {"__ndarray__": [[63], "int64", [6, 6, 6, 6, 6, 6, 6, 6, 6, 6, 6, 6, 6, 6, 6, 6, 6, 6, 6, 6, 6, 6, 6, 6, 6, 6, 6, 6, 6, 6, 6, 6, 6, 6, 6, 6, 6, 6, 6, 6, 6, 6, 6, 6, 6, 6, 6, 6, 6, 6, 6, 6, 6, 6, 6, 6, 7, 6, 6, 6, 6, 6, 6]]},
 "pbc": {"__ndarray__": [[3], "bool", [true, true, true]]},
 "positions": {"__ndarray__": [[63, 3], "float64", [0.0, 0.0, 0.0, 0.8925, 0.8925, 0.8925, 0.0, 1.785, 1.785, 0.8925, 2.6775, 2.6775, 1.785, 0.0, 1.785, 2.6775, 0.8925, 2.6775, 1.785, 1.785, 0.0, 2.6775, 2.6775, 0.8925, 0.0, 0.0, 3.57, 0.8925, 0.8925, 4.4625, 0.0, 1.785, 5.355, 0.8925, 2.6775, 6.2475, 1.785, 0.0, 5.355, 2.6775, 0.8925, 6.2475, 1.785, 1.785, 3.57, 2.6775, 2.6775, 4.4625, 0.0, 3.57, 0.0, 0.8925, 4.4625, 0.8925, 0.0, 5.355, 1.785, 0.8925, 6.2475, 2.6775, 1.785, 3.57, 1.785, 2.6775, 4.4625, 2.6775, 1.785, 5.355, 0.0, 2.6775, 6.2475, 0.8925, 0.0, 3.57, 3.57, 0.8925, 4.4625, 4.4625, 0.0, 5.355, 5.355, 0.8925, 6.2475, 6.2475, 1.785, 3.57, 5.355, 2.6775, 4.4625, 6.2475, 1.785, 5.355, 3.57, 2.6775, 6.2475, 4.4625, 3.57, 0.0, 0.0, 4.4625, 0.8925, 0.8925, 3.57, 1.785, 1.785, 4.4625, 2.6775, 2.6775, 5.355, 0.0, 1.785, 6.2475, 0.8925, 2.6775, 5.355, 1.785, 0.0, 6.2475, 2.6775, 0.8925, 3.57, 0.0, 3.57, 4.4625, 0.8925, 4.4625, 3.57, 1.785, 5.355, 4.4625, 2.6775, 6.2475, 5.355, 0.0, 5.355, 6.2475, 0.8925, 6.2475, 5.355, 1.785, 3.57, 6.2475, 2.6775, 4.4625, 3.57, 3.57, 0.0, 4.4625, 4.4625, 0.8925, 3.57, 5.355, 1.785, 4.4625, 6.2475, 2.6775, 5.355, 3.57, 1.785, 6.2475, 4.4625, 2.6775, 5.355, 5.355, 0.0, 6.2475, 6.2475, 0.8925, 4.4625, 4.4625, 4.4625, 3.57, 5.355, 5.355, 4.4625, 6.2475, 6.2475, 5.355, 3.57, 5.355, 6.2475, 4.4625, 6.2475, 5.355, 5.355, 3.57, 6.2475, 6.2475, 4.4625]]},
 "unique_id": "488c6f3caae348d1ba3067930f121f4d",
 "user": "famkepotze"},
"ids": [1],
"nextid": 2}
